{"loss": 2.3178749084472656, "train_acc": 0.41765, "test_acc": 0.5028, "alea": 1.6030659675598145, "epis": 0.09673286229372025, "pi_entropy": 0.9988430142402649, "mu1_entropy": 2.2292063236236572, "mu2_entropy": 2.2292096614837646, "_runtime": 26, "_timestamp": 1624722535, "_step": 1}